protocol,fct_sec,cdf
http1.1,1.5335,0.1
http1.1,1.5904,0.2
http1.1,1.6843,0.3
http1.1,1.8049,0.4
http1.1,1.8213,0.5
http1.1,1.8276,0.6
http1.1,1.8351,0.7
http1.1,1.8877,0.8
http1.1,1.9917,0.9
http1.1,2.5501,1.0
http2,0.9442,0.1
http2,1.0362,0.2
http2,1.0585,0.3
http2,1.0962,0.4
http2,1.1459,0.5
http2,1.2352,0.6
http2,1.3119,0.7
http2,1.5197,0.8
http2,1.5826,0.9
http2,1.814,1.0
http3,1.2674,0.1
http3,1.3212,0.2
http3,1.3522,0.3
http3,1.3754,0.4
http3,1.3861,0.5
http3,1.3976,0.6
http3,1.4024,0.7
http3,1.4089,0.8
http3,1.4956,0.9
http3,1.5295,1.0
