loss_percent,protocol,count,mean,std,median,p90,p95,min,max,ic95_half,ic95_low,ic95_high,metric
0,http1.1,10,14.028,2.329257392389257,14.11,16.146,16.982999999999997,10.29,17.82,1.6662503613867354,12.361749638613265,15.694250361386736,goodput_mbps
0,http2,10,24.335,2.084776833247253,24.6,25.522,27.195999999999994,21.23,28.87,1.4913595050333566,22.843640494966643,25.82635950503336,goodput_mbps
0,http3,10,16.112000000000002,2.5277649328122966,16.665,19.101,19.3755,11.79,19.65,1.8082541013120161,14.303745898687986,17.92025410131202,goodput_mbps
2,http1.1,10,14.696000000000002,1.0749077479796423,14.655,15.701,16.290499999999998,13.41,16.88,0.7689426807791641,13.927057319220838,15.464942680779165,goodput_mbps
2,http2,10,26.427,2.890013648564465,25.475,29.602,29.791,21.72,29.98,2.0673912217977803,24.35960877820222,28.49439122179778,goodput_mbps
2,http3,10,18.869,2.4895222656387532,18.494999999999997,22.134,23.096999999999998,16.43,24.06,1.780896945247376,17.088103054752622,20.649896945247377,goodput_mbps
5,http1.1,10,13.924000000000001,1.8404540502580091,14.73,15.555,15.5775,10.95,15.6,1.3165815149404494,12.607418485059553,15.24058151494045,goodput_mbps
5,http2,10,21.599,6.0601951747081175,23.15,28.467,29.3085,13.16,30.15,4.335202469647907,17.263797530352093,25.934202469647907,goodput_mbps
5,http3,10,17.119,1.0669317378976657,17.009999999999998,18.461000000000002,18.6455,15.74,18.83,0.7632369868850749,16.355763013114924,17.882236986885076,goodput_mbps
